<?xml version="1.0" encoding="UTF-8"?>
<document type="com.apple.InterfaceBuilder3.CocoaTouch.Storyboard.XIB" version="3.0" toolsVersion="14113" targetRuntime="iOS.CocoaTouch" propertyAccessControl="none" useAutolayout="YES" useTraitCollections="YES" useSafeAreas="YES" colorMatched="YES" initialViewController="BYZ-38-t0r">
    <device id="retina4_7" orientation="portrait">
        <adaptation id="fullscreen"/>
    </device>
    <dependencies>
        <deployment identifier="iOS"/>
        <plugIn identifier="com.apple.InterfaceBuilder.IBCocoaTouchPlugin" version="14088"/>
        <capability name="Safe area layout guides" minToolsVersion="9.0"/>
        <capability name="documents saved in the Xcode 8 format" minToolsVersion="8.0"/>
    </dependencies>
    <scenes>
        <!--View Controller-->
        <scene sceneID="tne-QT-ifu">
            <objects>
                <viewController id="BYZ-38-t0r" customClass="ViewController" sceneMemberID="viewController">
                    <view key="view" contentMode="scaleToFill" id="8bC-Xf-vdC">
                        <rect key="frame" x="0.0" y="0.0" width="375" height="667"/>
                        <autoresizingMask key="autoresizingMask" widthSizable="YES" heightSizable="YES"/>
                        <subviews>
                            <collectionView clipsSubviews="YES" multipleTouchEnabled="YES" contentMode="scaleToFill" dataMode="prototypes" translatesAutoresizingMaskIntoConstraints="NO" id="Qi6-Rq-GNG">
                                <rect key="frame" x="0.0" y="20" width="375" height="647"/>
                                <color key="backgroundColor" white="1" alpha="1" colorSpace="custom" customColorSpace="genericGamma22GrayColorSpace"/>
                                <collectionViewFlowLayout key="collectionViewLayout" minimumLineSpacing="10" minimumInteritemSpacing="10" id="K7N-Jv-mM5">
                                    <size key="itemSize" width="111" height="97"/>
                                    <size key="headerReferenceSize" width="0.0" height="0.0"/>
                                    <size key="footerReferenceSize" width="0.0" height="0.0"/>
                                    <inset key="sectionInset" minX="0.0" minY="0.0" maxX="0.0" maxY="0.0"/>
                                </collectionViewFlowLayout>
                                <cells>
                                    <collectionViewCell opaque="NO" clipsSubviews="YES" multipleTouchEnabled="YES" contentMode="center" reuseIdentifier="cellidentifier" id="SLD-MW-OXS">
                                        <rect key="frame" x="0.0" y="0.0" width="111" height="97"/>
                                        <autoresizingMask key="autoresizingMask" flexibleMaxX="YES" flexibleMaxY="YES"/>
                                        <view key="contentView" opaque="NO" clipsSubviews="YES" multipleTouchEnabled="YES" contentMode="center" insetsLayoutMarginsFromSafeArea="NO">
                                            <rect key="frame" x="0.0" y="0.0" width="111" height="97"/>
                                            <autoresizingMask key="autoresizingMask"/>
                                            <subviews>
                                                <imageView userInteractionEnabled="NO" tag="1" contentMode="scaleToFill" horizontalHuggingPriority="251" verticalHuggingPriority="251" fixedFrame="YES" translatesAutoresizingMaskIntoConstraints="NO" id="gcl-bs-1Bl">
                                                    <rect key="frame" x="0.0" y="0.0" width="111" height="97"/>
                                                    <autoresizingMask key="autoresizingMask" flexibleMaxX="YES" flexibleMaxY="YES"/>
                                                </imageView>
                                            </subviews>
                                        </view>
                                    </collectionViewCell>
                                </cells>
                                <connections>
                                    <outlet property="dataSource" destination="BYZ-38-t0r" id="Azd-tf-378"/>
                                </connections>
                            </collectionView>
                        </subviews>
                        <color key="backgroundColor" red="1" green="1" blue="1" alpha="1" colorSpace="custom" customColorSpace="sRGB"/>
                        <constraints>
                            <constraint firstItem="Qi6-Rq-GNG" firstAttribute="top" secondItem="6Tk-OE-BBY" secondAttribute="top" id="S1t-RT-JHy"/>
                            <constraint firstItem="6Tk-OE-BBY" firstAttribute="trailing" secondItem="Qi6-Rq-GNG" secondAttribute="trailing" id="ded-6n-2Jj"/>
                            <constraint firstItem="6Tk-OE-BBY" firstAttribute="bottom" secondItem="Qi6-Rq-GNG" secondAttribute="bottom" id="oFA-Wv-iWd"/>
                            <constraint firstItem="Qi6-Rq-GNG" firstAttribute="leading" secondItem="6Tk-OE-BBY" secondAttribute="leading" id="pry-u8-Y4n"/>
                        </constraints>
                        <viewLayoutGuide key="safeArea" id="6Tk-OE-BBY"/>
                    </view>
                </viewController>
                <placeholder placeholderIdentifier="IBFirstResponder" id="dkx-z0-nzr" sceneMemberID="firstResponder"/>
            </objects>
            <point key="canvasLocation" x="136.80000000000001" y="133.5832083958021"/>
        </scene>
    </scenes>
</document>
